Metric,N,Mean,Median,Std,Min,Q25,Q75,Max
Correctness Δ (pp),18,6.866111111111111,9.725000000000001,22.417096190942903,-45.83,0.0,16.659999999999997,61.11
Completeness Δ (pp),12,16.684166666666666,18.525,36.54025139445125,-62.5,5.775000000000002,22.435,100.0
Comp Likert Δ (Decision flow),19,0.7368421052631579,1.0,1.9675733859858355,-5.0,0.0,1.5,4.0
Comp Likert Δ (Teach readiness),19,1.105263157894737,1.0,1.8527678046673028,-2.0,0.0,2.5,5.0
