Metric,N,Mean,Median,Std,Min,Q25,Q75,Max
Completeness Δ (pp),19,6.504736842105262,8.329999999999998,21.842374303282103,-45.83,0.0,16.659999999999997,61.11
Correctness Δ (pp),19,10.53736842105263,0.0,29.737499865415955,-62.5,0.0,21.634999999999998,100.0
Comp Likert Δ (Decision flow),19,0.7368421052631579,1.0,1.9675733859858355,-5.0,0.0,1.5,4.0
Comp Likert Δ (Teach readiness),19,1.105263157894737,1.0,1.8527678046673028,-2.0,0.0,2.5,5.0
